john;john@doe.com;123456
joedoe;joe.doe@example.com;password1
sarasmith;sara.smith@example.com;password2
johnanderson;john.anderson@example.com;password3
emilyjones;emily.jones@example.com;password4
michaelbrown;michael.brown@example.com;password5
olivialopez;olivia.lopez@example.com;password6
davidwilson;david.wilson@example.com;password7
hannahmartinez;hannah.martinez@example.com;password8
matthewlee;matthew.lee@example.com;password9
sophiawhite;sophia.white@example.com;password10
williamclark;william.clark@example.com;password11
chloemartin;chloe.martin@example.com;password12
jacksonhill;jackson.hill@example.com;password13
emmaross;emma.ross@example.com;password14
liamcarter;liam.carter@example.com;password15
abigailmoore;abigail.moore@example.com;password16
jamesbrown;james.brown@example.com;password17
sophiajackson;sophia.jackson@example.com;password18
ethanmiller;ethan.miller@example.com;password19
oliviaroberts;olivia.roberts@example.com;password20
noahjohnson;noah.johnson@example.com;password21
avagarcia;ava.garcia@example.com;password22
williamtaylor;william.taylor@example.com;password23
emilywilson;emily.wilson@example.com;password24
matthewrobinson;matthew.robinson@example.com;password25
gracewalker;grace.walker@example.com;password26
masonking;mason.king@example.com;password27
olivialopez;olivia.lopez@example.com;password28
ethananderson;ethan.anderson@example.com;password29
chloemartin;chloe.martin@example.com;password30
